ID,cnt
13904,256.3453369140625
13905,248.86642456054688
13906,228.9024200439453
13907,265.502685546875
13908,463.4690246582031
13909,732.5928955078125
13910,781.108154296875
13911,590.2716674804688
13912,433.95123291015625
13913,315.4283142089844
13914,211.82501220703125
13915,110.27436828613281
13916,46.01038360595703
13917,18.633699417114258
13918,9.048327445983887
13919,5.783466815948486
13920,11.316306114196777
13921,68.20990753173828
13922,243.4808349609375
13923,590.0828247070312
13924,661.3428344726562
13925,322.28857421875
13926,178.8301544189453
13927,227.2838134765625
13928,270.9924621582031
13929,253.6665802001953
13930,233.73292541503906
13931,275.8763122558594
13932,499.3883361816406
13933,874.5867309570312
13934,777.7667236328125
13935,583.8185424804688
13936,424.3392028808594
13937,313.1585998535156
13938,223.79669189453125
13939,120.38471984863281
13940,50.0670166015625
13941,20.68545150756836
13942,10.036293983459473
13943,6.368552207946777
13944,13.41173267364502
13945,74.35550689697266
13946,253.20639038085938
13947,604.116943359375
13948,643.3507080078125
13949,320.09564208984375
13950,184.47894287109375
13951,235.5120391845703
13952,292.43841552734375
13953,279.0286560058594
13954,255.54367065429688
13955,292.78521728515625
13956,477.0406799316406
13957,820.438232421875
13958,753.0582885742188
13959,555.503173828125
13960,412.1726989746094
13961,302.0417175292969
13962,217.86590576171875
13963,136.4990997314453
13964,69.01143646240234
13965,32.610843658447266
13966,15.05196762084961
13967,7.532777786254883
13968,11.157470703125
13969,42.09278106689453
13970,124.4958267211914
13971,300.50885009765625
13972,523.1875
13973,251.8186492919922
13974,149.39256286621094
13975,178.84043884277344
13976,163.91624450683594
13977,234.33038330078125
13978,266.3612365722656
13979,298.7417907714844
13980,435.3984069824219
13981,691.6864013671875
13982,652.356201171875
13983,480.40740966796875
13984,351.8525390625
13985,265.2651672363281
13986,206.19000244140625
13987,152.5512237548828
13988,105.03105926513672
13989,67.12787628173828
13990,39.68748092651367
13991,14.811441421508789
13992,7.692922592163086
13993,18.08574104309082
13994,52.146881103515625
13995,124.4845199584961
13996,215.5966796875
13997,360.553466796875
13998,432.4431457519531
13999,503.6855773925781
14000,544.9197998046875
14001,568.239501953125
14002,520.052978515625
14003,473.3716735839844
14004,509.91522216796875
14005,523.3472290039062
14006,301.375
14007,299.58050537109375
14008,254.646240234375
14009,136.56500244140625
14010,149.93035888671875
14011,138.7115478515625
14012,86.59337615966797
14013,88.54202270507812
14014,66.05374145507812
14015,36.581111907958984
14016,15.775001525878906
14017,10.795831680297852
14018,23.239215850830078
14019,64.11032104492188
14020,143.11032104492188
14021,274.27606201171875
14022,453.2572937011719
14023,518.1495361328125
14024,567.3181762695312
14025,590.70263671875
14026,589.9849853515625
14027,613.8621826171875
14028,651.5342407226562
14029,579.4000244140625
14030,510.8962707519531
14031,414.2899475097656
14032,322.8426208496094
14033,237.1837615966797
14034,144.7034149169922
14035,76.73453521728516
14036,40.104736328125
14037,17.365331649780273
14038,7.278841018676758
14039,4.585147857666016
14040,14.118602752685547
14041,78.28177642822266
14042,263.6666564941406
14043,615.75146484375
14044,625.4603271484375
14045,306.8642883300781
14046,198.4737091064453
14047,256.8211364746094
14048,310.504150390625
14049,280.14599609375
14050,252.8750762939453
14051,294.94683837890625
14052,510.132080078125
14053,869.7881469726562
14054,805.5667724609375
14055,589.9799194335938
14056,425.2664794921875
14057,302.9831848144531
14058,195.15737915039062
14059,92.30506134033203
14060,34.99546813964844
14061,15.52784538269043
14062,7.704320907592773
14063,5.149632930755615
14064,11.975248336791992
14065,71.65937042236328
14066,255.39251708984375
14067,488.3040771484375
14068,627.5715942382812
14069,303.88568115234375
14070,170.99365234375
14071,212.45004272460938
14072,262.4498596191406
14073,256.03125
14074,236.78147888183594
14075,273.1342468261719
14076,462.64697265625
14077,861.2833862304688
14078,666.3378295898438
14079,575.9744873046875
14080,425.9937438964844
14081,308.3104553222656
14082,205.77114868164062
14083,103.39755249023438
14084,39.60223388671875
14085,16.18172836303711
14086,8.238672256469727
14087,5.47955846786499
14088,12.20073413848877
14089,73.66847229003906
14090,268.14984130859375
14091,629.47265625
14092,669.9675903320312
14093,317.057373046875
14094,175.31634521484375
14095,218.54269409179688
14096,261.7563171386719
14097,253.34303283691406
14098,236.77377319335938
14099,274.1998291015625
14100,481.23773193359375
14101,879.2603149414062
14102,793.6094360351562
14103,593.379150390625
14104,427.5703125
14105,313.4884948730469
14106,217.16018676757812
14107,115.31159973144531
14108,47.03984451293945
14109,20.80939292907715
14110,10.24507999420166
14111,6.352847099304199
14112,14.916406631469727
14113,83.55818939208984
14114,281.03875732421875
14115,631.1915893554688
14116,654.138427734375
14117,317.68817138671875
14118,191.42518615722656
14119,249.38990783691406
14120,311.5477294921875
14121,291.1964416503906
14122,265.91400146484375
14123,301.2059326171875
14124,491.597412109375
14125,839.6117553710938
14126,773.2985229492188
14127,588.4967041015625
14128,437.7413330078125
14129,331.4969177246094
14130,237.2377166748047
14131,155.88609313964844
14132,76.06317138671875
14133,32.14176940917969
14134,14.577939987182617
14135,7.493039131164551
14136,10.582853317260742
14137,57.43611145019531
14138,200.41355895996094
14139,500.6567077636719
14140,700.8418579101562
14141,370.7091979980469
14142,220.56443786621094
14143,279.31805419921875
14144,334.59979248046875
14145,336.17413330078125
14146,308.4879150390625
14147,315.7997131347656
14148,429.62042236328125
14149,641.522705078125
14150,705.2864990234375
14151,519.8267211914062
14152,338.5337219238281
14153,255.98809814453125
14154,185.6110076904297
14155,98.98751068115234
14156,59.23641586303711
14157,65.12156677246094
14158,33.98064041137695
14159,15.948881149291992
14160,9.928075790405273
14161,16.0518741607666
14162,43.801849365234375
14163,108.19380187988281
14164,194.1156463623047
14165,353.78753662109375
14166,453.1258544921875
14167,525.6226806640625
14168,575.8218383789062
14169,592.6784057617188
14170,530.4458618164062
14171,510.1498718261719
14172,574.8314208984375
14173,552.487060546875
14174,493.58599853515625
14175,406.9573974609375
14176,330.988525390625
14177,275.52734375
14178,222.457275390625
14179,180.53005981445312
14180,142.20753479003906
14181,109.52557373046875
14182,63.169349670410156
14183,29.31377601623535
14184,12.2622652053833
14185,11.194934844970703
14186,28.460102081298828
14187,75.8056411743164
14188,154.80154418945312
14189,281.7701110839844
14190,439.27203369140625
14191,507.0897216796875
14192,466.6181945800781
14193,475.5472412109375
14194,477.16448974609375
14195,522.4663696289062
14196,642.9873046875
14197,596.3446044921875
14198,513.9039916992188
14199,406.7597961425781
14200,313.2303771972656
14201,227.92718505859375
14202,98.49564361572266
14203,59.55134963989258
14204,35.14313507080078
14205,15.316839218139648
14206,6.523088455200195
14207,4.81228494644165
14208,19.33061981201172
14209,98.04959106445312
14210,303.50006103515625
14211,642.8402099609375
14212,555.7288208007812
14213,277.5575866699219
14214,200.55921936035156
14215,253.462158203125
14216,303.7298583984375
14217,280.16943359375
14218,259.2576904296875
14219,296.1800842285156
14220,497.4567565917969
14221,863.6705932617188
14222,824.0803833007812
14223,573.2457275390625
14224,396.54595947265625
14225,268.7687683105469
14226,190.39488220214844
14227,97.72705841064453
14228,40.404197692871094
14229,18.14064598083496
14230,8.863454818725586
14231,5.4309492111206055
14232,11.570211410522461
14233,74.40144348144531
14234,273.08782958984375
14235,630.4974365234375
14236,660.5776977539062
14237,325.6751403808594
14238,196.89939880371094
14239,254.73829650878906
14240,304.8539733886719
14241,281.3225402832031
14242,252.7017822265625
14243,279.81866455078125
14244,460.30938720703125
14245,850.9241943359375
14246,889.17626953125
14247,670.1224975585938
14248,388.59283447265625
14249,324.6868591308594
14250,231.7264862060547
14251,123.94804382324219
14252,51.107147216796875
14253,19.52117347717285
14254,9.454460144042969
14255,5.850062370300293
14256,9.940062522888184
14257,64.27594757080078
14258,246.06033325195312
14259,606.29736328125
14260,697.7103881835938
14261,345.35906982421875
14262,195.73899841308594
14263,252.7799530029297
14264,302.958251953125
14265,283.3946838378906
14266,254.34873962402344
14267,280.2784729003906
14268,450.5889892578125
14269,715.9365844726562
14270,671.8807373046875
14271,456.8412780761719
14272,397.0486145019531
14273,308.46356201171875
14274,231.08384704589844
14275,136.713134765625
14276,58.64636993408203
14277,23.89478874206543
14278,11.029037475585938
14279,6.485034465789795
14280,12.235873222351074
14281,73.53919219970703
14282,255.29461669921875
14283,588.389892578125
14284,667.8832397460938
14285,332.16778564453125
14286,200.54652404785156
14287,262.82861328125
14288,318.67364501953125
14289,307.1797790527344
14290,277.123046875
14291,301.022705078125
14292,480.437255859375
14293,826.958984375
14294,810.7071533203125
14295,605.54052734375
14296,446.4621276855469
14297,328.37261962890625
14298,237.9000244140625
14299,154.7976837158203
14300,75.35648345947266
14301,34.38837432861328
14302,15.81690788269043
14303,8.09546184539795
14304,11.405001640319824
14305,59.28132629394531
14306,201.52542114257812
14307,511.16827392578125
14308,663.2192993164062
14309,345.40301513671875
14310,219.6731719970703
14311,290.8728332519531
14312,351.3333740234375
14313,343.1626892089844
14314,313.54803466796875
14315,332.2561340332031
14316,479.34393310546875
14317,753.4647216796875
14318,741.9410400390625
14319,552.2952270507812
14320,405.9247741699219
14321,299.49554443359375
14322,230.4091033935547
14323,176.83255004882812
14324,118.2728271484375
14325,78.68841552734375
14326,45.285804748535156
14327,21.460811614990234
14328,10.714357376098633
14329,16.846439361572266
14330,45.63425064086914
14331,103.80924987792969
14332,190.69692993164062
14333,321.30364990234375
14334,425.45208740234375
14335,477.9508361816406
14336,524.0933227539062
14337,458.03570556640625
14338,498.27935791015625
14339,377.1402282714844
14340,428.9236755371094
14341,429.3010559082031
14342,390.5210876464844
14343,306.0025939941406
14344,251.01763916015625
14345,144.10394287109375
14346,144.78367614746094
14347,130.46087646484375
14348,111.80011749267578
14349,91.37285614013672
14350,57.231746673583984
14351,26.921539306640625
14352,11.771778106689453
14353,11.93966293334961
14354,30.523534774780273
14355,74.68035125732422
14356,155.80038452148438
14357,295.35565185546875
14358,447.70501708984375
14359,515.2822265625
14360,545.9641723632812
14361,465.524658203125
14362,399.9217529296875
14363,501.9095458984375
14364,379.69207763671875
14365,308.7470397949219
14366,386.8381042480469
14367,332.4411315917969
14368,259.29638671875
14369,201.6834716796875
14370,142.9660186767578
14371,81.72691345214844
14372,45.05048751831055
14373,20.08786392211914
14374,8.103328704833984
14375,4.934793949127197
14376,14.73861312866211
14377,81.87007141113281
14378,269.479248046875
14379,605.6614379882812
14380,601.4017944335938
14381,308.4342041015625
14382,208.9216766357422
14383,271.0298156738281
14384,317.8368225097656
14385,297.0386657714844
14386,263.53155517578125
14387,283.8986511230469
14388,439.539794921875
14389,797.9307250976562
14390,858.7764282226562
14391,637.6544189453125
14392,443.9391784667969
14393,319.013427734375
14394,212.08883666992188
14395,104.49557495117188
14396,41.20478820800781
14397,17.468563079833984
14398,8.679476737976074
14399,5.601283073425293
14400,11.111589431762695
14401,70.89903259277344
14402,259.19500732421875
14403,606.8008422851562
14404,646.6790771484375
14405,311.0202941894531
14406,177.50881958007812
14407,226.79417419433594
14408,271.82366943359375
14409,251.2991180419922
14410,234.563232421875
14411,274.1550598144531
14412,466.8883056640625
14413,864.27978515625
14414,841.9595336914062
14415,633.5140380859375
14416,457.5694885253906
14417,331.720703125
14418,219.27598571777344
14419,110.5427474975586
14420,44.11172103881836
14421,17.903827667236328
14422,8.562650680541992
14423,5.577892780303955
14424,12.373709678649902
14425,76.1953125
14426,277.0603332519531
14427,646.9960327148438
14428,676.9871215820312
14429,324.0789489746094
14430,186.80577087402344
14431,240.38046264648438
14432,292.9739685058594
14433,271.49395751953125
14434,246.9490203857422
14435,285.14874267578125
14436,485.5010986328125
14437,874.101318359375
14438,838.2728271484375
14439,627.4214477539062
14440,452.47991943359375
14441,336.70465087890625
14442,234.88583374023438
14443,132.4546356201172
14444,56.485008239746094
14445,23.350011825561523
14446,11.049534797668457
14447,6.534975528717041
14448,13.201803207397461
14449,76.99666595458984
14450,261.0666198730469
14451,603.0079345703125
14452,677.1517333984375
14453,341.0690002441406
14454,204.589599609375
14455,270.3619689941406
14456,331.4214782714844
14457,309.7887268066406
14458,276.4365539550781
14459,298.3615417480469
14460,464.4219055175781
14461,803.9933471679688
14462,819.7589111328125
14463,620.5145874023438
14464,452.91021728515625
14465,333.66400146484375
14466,241.17422485351562
14467,167.35699462890625
14468,83.60840606689453
14469,36.51728057861328
14470,16.549606323242188
14471,8.099776268005371
14472,10.277693748474121
14473,53.63291549682617
14474,192.1886444091797
14475,501.98846435546875
14476,678.0431518554688
14477,350.8139343261719
14478,206.21717834472656
14479,270.2795715332031
14480,341.96728515625
14481,324.1680908203125
14482,288.1878967285156
14483,310.8392639160156
14484,458.7857666015625
14485,751.9498901367188
14486,709.1917724609375
14487,543.02880859375
14488,399.1896667480469
14489,306.70123291015625
14490,227.80572509765625
14491,167.4433135986328
14492,107.94229125976562
14493,67.26936340332031
14494,39.24168395996094
14495,18.242464065551758
14496,9.860647201538086
14497,19.58392333984375
14498,52.85254669189453
14499,121.22590637207031
14500,219.99981689453125
14501,362.2994384765625
14502,423.6252746582031
14503,478.166015625
14504,520.545166015625
14505,536.32080078125
14506,498.96429443359375
14507,478.39251708984375
14508,528.2078857421875
14509,521.6143798828125
14510,475.6397399902344
14511,400.3653564453125
14512,260.5549011230469
14513,172.89630126953125
14514,118.9617919921875
14515,127.21929931640625
14516,116.56396484375
14517,96.14375305175781
14518,62.40370559692383
14519,32.3468017578125
14520,13.304285049438477
14521,9.547310829162598
14522,23.7992000579834
14523,69.99737548828125
14524,146.79006958007812
14525,268.8246154785156
14526,446.1140441894531
14527,514.2598266601562
14528,568.018310546875
14529,533.6383056640625
14530,528.9927978515625
14531,555.2567138671875
14532,563.5435791015625
14533,609.5894775390625
14534,552.969482421875
14535,445.0235900878906
14536,329.8260803222656
14537,238.74632263183594
14538,147.44473266601562
14539,52.50343704223633
14540,25.134082794189453
14541,16.7364444732666
14542,8.78888988494873
14543,6.025067329406738
14544,12.056074142456055
14545,45.30157470703125
14546,126.5566177368164
14547,284.187744140625
14548,468.0293273925781
14549,319.38812255859375
14550,314.798095703125
14551,380.6200866699219
14552,418.06353759765625
14553,398.17938232421875
14554,339.19866943359375
14555,318.2026672363281
14556,387.5094299316406
14557,576.5459594726562
14558,562.180419921875
14559,439.3812255859375
14560,324.8410949707031
14561,240.16555786132812
14562,161.4169921875
14563,84.28273010253906
14564,38.2095832824707
14565,16.036752700805664
14566,7.3825531005859375
14567,4.9652838706970215
14568,16.886207580566406
14569,91.24661254882812
14570,302.89215087890625
14571,654.8223266601562
14572,580.6123657226562
14573,288.7638854980469
14574,182.25172424316406
14575,225.98162841796875
14576,262.1151428222656
14577,243.93907165527344
14578,234.5177459716797
14579,275.0821533203125
14580,448.6435546875
14581,816.5945434570312
14582,792.3029174804688
14583,580.8411865234375
14584,416.56732177734375
14585,296.7510070800781
14586,193.28269958496094
14587,93.61140441894531
14588,34.4482536315918
14589,14.849164962768555
14590,7.8395185470581055
14591,5.7620744705200195
14592,15.134288787841797
14593,85.2005844116211
14594,296.6331787109375
14595,664.3522338867188
14596,610.3046875
14597,292.2733459472656
14598,174.3517303466797
14599,217.89804077148438
14600,259.0388488769531
14601,240.65316772460938
14602,234.3473358154297
14603,287.02679443359375
14604,489.3027648925781
14605,853.392333984375
14606,756.5693359375
14607,549.796630859375
14608,402.5363464355469
14609,286.8227844238281
14610,205.45213317871094
14611,110.55625915527344
14612,44.48720932006836
14613,19.36318588256836
14614,9.645650863647461
14615,6.468144416809082
14616,15.471332550048828
14617,80.59972381591797
14618,266.32806396484375
14619,605.8200073242188
14620,641.3541870117188
14621,255.80484008789062
14622,121.01324462890625
14623,118.21835327148438
14624,129.23435974121094
14625,208.78028869628906
14626,240.671142578125
14627,292.6509094238281
14628,503.1756591796875
14629,806.8723754882812
14630,699.1688232421875
14631,509.6324462890625
14632,365.53369140625
14633,268.2508544921875
14634,191.91726684570312
14635,124.2372817993164
14636,56.967063903808594
14637,27.88690948486328
14638,13.009153366088867
14639,7.183802604675293
14640,15.168109893798828
14641,79.56668853759766
14642,256.543212890625
14643,582.1035766601562
14644,622.250732421875
14645,321.7611999511719
14646,222.4980926513672
14647,295.6306457519531
14648,354.5304870605469
14649,343.3907165527344
14650,309.3284606933594
14651,327.12811279296875
14652,466.0782470703125
14653,745.3497314453125
14654,726.9906005859375
14655,540.3174438476562
14656,387.6598815917969
14657,291.0779113769531
14658,219.19113159179688
14659,160.31674194335938
14660,100.66073608398438
14661,64.11647033691406
14662,36.472557067871094
14663,17.133150100708008
14664,9.534147262573242
14665,18.33499526977539
14666,49.00041961669922
14667,116.37435913085938
14668,197.0348663330078
14669,334.4446105957031
14670,410.11077880859375
14671,468.25213623046875
14672,515.8988037109375
14673,531.8773193359375
14674,489.7740783691406
14675,460.7779541015625
14676,312.4391784667969
14677,254.02420043945312
14678,193.75257873535156
14679,149.1876678466797
14680,122.75131225585938
14681,156.8830108642578
14682,155.18544006347656
14683,135.90623474121094
14684,121.24653625488281
14685,100.74007415771484
14686,67.24866485595703
14687,33.48426055908203
14688,13.910234451293945
14689,9.661713600158691
14690,22.091264724731445
14691,62.776424407958984
14692,142.91419982910156
14693,277.3707580566406
14694,466.2713623046875
14695,538.9889526367188
14696,588.1249389648438
14697,624.9288330078125
14698,636.4112548828125
14699,649.7816772460938
14700,696.2459716796875
14701,611.8720092773438
14702,526.0137939453125
14703,411.7725830078125
14704,315.32708740234375
14705,227.41207885742188
14706,136.69606018066406
14707,69.19622802734375
14708,34.718833923339844
14709,15.03802490234375
14710,6.466704368591309
14711,4.308670997619629
14712,14.885550498962402
14713,83.54068756103516
14714,277.5400695800781
14715,626.4408569335938
14716,615.6726684570312
14717,303.5709228515625
14718,206.43487548828125
14719,265.6964416503906
14720,313.7054138183594
14721,283.71502685546875
14722,263.12115478515625
14723,295.4117736816406
14724,473.4802551269531
14725,831.5557250976562
14726,819.3449096679688
14727,602.9408569335938
14728,419.7464294433594
14729,300.8830261230469
14730,197.48031616210938
14731,97.3397216796875
14732,39.294898986816406
14733,16.976404190063477
14734,8.251447677612305
14735,4.944824695587158
14736,11.330321311950684
14737,76.14196014404297
14738,279.69537353515625
14739,639.5367431640625
14740,677.0653686523438
14741,334.50653076171875
14742,211.6981964111328
14743,282.0778503417969
14744,323.7811584472656
14745,297.3460693359375
14746,266.1338806152344
14747,292.5107727050781
14748,479.3020324707031
14749,864.7420654296875
14750,915.4827880859375
14751,675.9314575195312
14752,483.5702209472656
14753,341.57940673828125
14754,232.60093688964844
14755,121.02412414550781
14756,47.19382095336914
14757,18.127513885498047
14758,8.630407333374023
14759,5.458071231842041
14760,11.158044815063477
14761,74.22945404052734
14762,274.18878173828125
14763,640.43505859375
14764,694.0153198242188
14765,341.35504150390625
14766,206.49620056152344
14767,268.191162109375
14768,310.8545837402344
14769,294.1417236328125
14770,267.2946472167969
14771,294.908447265625
14772,472.55670166015625
14773,857.6685791015625
14774,872.5175170898438
14775,646.7711181640625
14776,463.46771240234375
14777,336.2066345214844
14778,234.1037139892578
14779,132.58929443359375
14780,54.93516540527344
14781,22.709123611450195
14782,10.775364875793457
14783,6.591440677642822
14784,13.314718246459961
14785,78.93910217285156
14786,270.7601623535156
14787,620.6349487304688
14788,685.0133666992188
14789,348.30255126953125
14790,220.52650451660156
14791,291.6585388183594
14792,342.00390625
14793,331.30419921875
14794,300.1816711425781
14795,318.12109375
14796,469.1078796386719
14797,809.7930297851562
14798,866.0975341796875
14799,633.278076171875
14800,455.00390625
14801,333.88031005859375
14802,243.46055603027344
14803,167.57862854003906
14804,85.29759979248047
14805,38.36400604248047
14806,17.513336181640625
14807,8.488744735717773
14808,10.501115798950195
14809,56.474754333496094
14810,200.57247924804688
14811,514.5830688476562
14812,687.968017578125
14813,357.1009826660156
14814,228.13314819335938
14815,305.6609802246094
14816,364.1684265136719
14817,359.26824951171875
14818,330.01007080078125
14819,343.19732666015625
14820,476.837646484375
14821,751.9656372070312
14822,811.4374389648438
14823,618.525390625
14824,440.6414794921875
14825,329.33489990234375
14826,236.65066528320312
14827,169.065673828125
14828,115.27644348144531
14829,71.85038757324219
14830,43.415306091308594
14831,19.970191955566406
14832,10.049898147583008
14833,17.02534294128418
14834,43.4654426574707
14835,109.33248138427734
14836,200.4682159423828
14837,340.8853759765625
14838,438.2860107421875
14839,501.5734558105469
14840,554.7330932617188
14841,571.1187744140625
14842,533.4884033203125
14843,505.8420715332031
14844,549.0181884765625
14845,536.35205078125
14846,479.0879211425781
14847,378.2167663574219
14848,318.3439636230469
14849,268.51507568359375
14850,215.90890502929688
14851,179.26388549804688
14852,145.6461944580078
14853,116.25565338134766
14854,73.87908172607422
14855,37.23122787475586
14856,15.45547866821289
14857,11.729873657226562
14858,26.79440689086914
14859,75.4971923828125
14860,159.49607849121094
14861,300.11590576171875
14862,476.87408447265625
14863,551.0244750976562
14864,596.730712890625
14865,635.3028564453125
14866,660.6380004882812
14867,689.5596313476562
14868,721.9628295898438
14869,635.6722412109375
14870,547.2909545898438
14871,421.3786926269531
14872,322.3317565917969
14873,230.84228515625
14874,139.39132690429688
14875,71.88419342041016
14876,37.204559326171875
14877,15.890213012695312
14878,6.738588809967041
14879,4.552125930786133
14880,16.163862228393555
14881,90.27748107910156
14882,292.73309326171875
14883,632.3973388671875
14884,610.0339965820312
14885,310.8835754394531
14886,219.49783325195312
14887,278.8423156738281
14888,315.42999267578125
14889,293.9801940917969
14890,269.99951171875
14891,284.5757141113281
14892,428.7969970703125
14893,761.7108154296875
14894,834.6624145507812
14895,602.2557983398438
14896,417.2961120605469
14897,294.1221618652344
14898,146.70236206054688
14899,61.29717254638672
14900,24.07098960876465
14901,11.810844421386719
14902,6.837632656097412
14903,4.89819860458374
14904,11.649951934814453
14905,67.24372100830078
14906,246.1220703125
14907,562.212646484375
14908,590.232177734375
14909,282.5130920410156
14910,147.54052734375
14911,118.96092987060547
14912,167.64141845703125
14913,135.95716857910156
14914,196.38059997558594
14915,161.4990234375
14916,222.90438842773438
14917,420.8782653808594
14918,508.56756591796875
14919,508.9088439941406
14920,372.2264709472656
14921,277.1107177734375
14922,192.36669921875
14923,61.05690383911133
14924,27.020263671875
14925,12.450267791748047
14926,6.521578311920166
14927,4.9544548988342285
14928,16.636028289794922
14929,91.35787963867188
14930,312.4046630859375
14931,669.816650390625
14932,608.9050903320312
14933,294.2943115234375
14934,196.24925231933594
14935,256.1821594238281
14936,298.0167236328125
14937,276.102294921875
14938,260.73468017578125
14939,305.0169372558594
14940,514.6304931640625
14941,896.36767578125
14942,831.1600341796875
14943,601.9385986328125
14944,428.5689697265625
14945,307.1393737792969
14946,209.44224548339844
14947,115.36651611328125
14948,46.23944091796875
14949,20.66689682006836
14950,9.904732704162598
14951,6.147179126739502
14952,15.658662796020508
14953,88.82229614257812
14954,294.2035217285156
14955,641.97412109375
14956,671.53173828125
14957,341.8075256347656
14958,224.0557098388672
14959,299.84637451171875
14960,351.4874572753906
14961,335.8286437988281
14962,303.1219177246094
14963,321.3854064941406
14964,480.69512939453125
14965,813.8265380859375
14966,845.9668579101562
14967,620.5220336914062
14968,436.6812744140625
14969,319.0048828125
14970,227.83932495117188
14971,158.68614196777344
14972,80.80979919433594
14973,37.822357177734375
14974,17.564342498779297
14975,8.424901008605957
14976,10.666489601135254
14977,59.17948532104492
14978,208.89566040039062
14979,531.5110473632812
14980,683.8690795898438
14981,357.17938232421875
14982,240.38449096679688
14983,321.5993347167969
14984,380.8565368652344
14985,375.4252014160156
14986,342.02581787109375
14987,346.9648132324219
14988,472.9988098144531
14989,744.0487060546875
14990,769.7518920898438
14991,572.586181640625
14992,405.25262451171875
14993,302.13031005859375
14994,222.027099609375
14995,166.06204223632812
14996,110.69902038574219
14997,70.31706237792969
14998,40.89712142944336
14999,19.29668426513672
15000,9.87541675567627
15001,16.882587432861328
15002,46.027320861816406
15003,114.56240844726562
15004,204.29425048828125
15005,350.8117370605469
15006,450.41265869140625
15007,513.0509643554688
15008,567.2070922851562
15009,587.408447265625
15010,538.7861328125
15011,501.4625244140625
15012,531.849609375
15013,531.0191650390625
15014,484.6270751953125
15015,394.638427734375
15016,322.1524963378906
15017,263.7607116699219
15018,213.86888122558594
15019,178.00636291503906
15020,147.54747009277344
15021,113.47341918945312
15022,66.4826889038086
15023,32.57194519042969
15024,13.303770065307617
15025,10.117568969726562
15026,23.169591903686523
15027,61.7136344909668
15028,135.96533203125
15029,262.5660705566406
15030,421.69964599609375
15031,516.8703002929688
15032,560.1370239257812
15033,583.0577392578125
15034,564.0585327148438
15035,566.9534912109375
15036,593.1436767578125
15037,520.6550903320312
15038,428.5210266113281
15039,322.44415283203125
15040,244.74288940429688
15041,187.97654724121094
15042,138.1365509033203
15043,92.15484619140625
15044,49.118412017822266
15045,21.93846893310547
15046,8.73931884765625
15047,4.068447113037109
15048,6.3269476890563965
15049,41.32395553588867
15050,166.13343811035156
15051,466.9193115234375
15052,671.1989135742188
15053,331.360595703125
15054,189.5672607421875
15055,240.2955322265625
15056,296.4629211425781
15057,283.4154357910156
15058,256.5887756347656
15059,281.1049499511719
15060,461.9069519042969
15061,800.4949340820312
15062,755.3413696289062
15063,530.0567626953125
15064,363.387939453125
15065,254.89419555664062
15066,172.2041473388672
15067,91.43158721923828
15068,35.321197509765625
15069,15.072175979614258
15070,7.001796722412109
15071,4.063857078552246
15072,7.5546875
15073,54.73072814941406
15074,214.94419860839844
15075,537.91943359375
15076,713.4405517578125
15077,345.8874816894531
15078,176.42852783203125
15079,221.6085968017578
15080,273.91363525390625
15081,263.1307373046875
15082,237.33168029785156
15083,258.65313720703125
15084,402.74920654296875
15085,780.2650146484375
15086,850.4088745117188
15087,625.4683837890625
15088,435.6875305175781
15089,304.82379150390625
15090,206.0055389404297
15091,112.3696517944336
15092,42.38436508178711
15093,16.710453033447266
15094,7.8510637283325195
15095,4.890322208404541
15096,7.6065168380737305
15097,51.55905532836914
15098,207.0125274658203
15099,543.9588012695312
15100,733.1514282226562
15101,346.2240905761719
15102,174.82260131835938
15103,203.68284606933594
15104,252.7798309326172
15105,257.50091552734375
15106,237.02877807617188
15107,259.9625244140625
15108,389.1148376464844
15109,755.4254150390625
15110,822.3550415039062
15111,616.4473876953125
15112,442.5931396484375
15113,312.3275451660156
15114,217.8645477294922
15115,95.36425018310547
15116,42.26028823852539
15117,20.452945709228516
15118,9.915566444396973
15119,6.039612293243408
15120,11.402304649353027
15121,64.839599609375
15122,233.48614501953125
15123,552.814453125
15124,696.9335327148438
15125,341.0001525878906
15126,181.34503173828125
15127,228.24462890625
15128,275.7667541503906
15129,274.6004638671875
15130,248.9927520751953
15131,271.39068603515625
15132,428.2640686035156
15133,757.2230834960938
15134,709.62744140625
15135,517.7709350585938
15136,381.1760559082031
15137,273.0956726074219
15138,141.6201171875
15139,82.07129669189453
15140,40.67830276489258
15141,21.70073699951172
15142,11.254181861877441
15143,5.9089155197143555
15144,7.557706832885742
15145,32.892601013183594
15146,150.0877685546875
15147,406.8089904785156
15148,651.4321899414062
15149,340.3328552246094
15150,172.70387268066406
15151,213.61085510253906
15152,268.37042236328125
15153,289.7091369628906
15154,269.7909240722656
15155,288.1356201171875
15156,421.4439392089844
15157,698.4130249023438
15158,649.2626953125
15159,479.77862548828125
15160,266.59014892578125
15161,179.37823486328125
15162,128.06187438964844
15163,124.06368255615234
15164,100.76802062988281
15165,79.14230346679688
15166,49.05257797241211
15167,23.185922622680664
15168,9.72109317779541
15169,9.842458724975586
15170,29.26081657409668
15171,78.70874786376953
15172,152.44232177734375
15173,264.4454650878906
15174,412.44903564453125
15175,492.0342712402344
15176,547.73193359375
15177,586.1539306640625
15178,558.1863403320312
15179,517.4633178710938
15180,546.2936401367188
15181,533.6943969726562
15182,466.2475280761719
15183,355.0390930175781
15184,271.5520324707031
15185,215.59542846679688
15186,178.6229248046875
15187,147.5802001953125
15188,121.91410064697266
15189,98.65508270263672
15190,71.50576782226562
15191,35.785831451416016
15192,13.848156929016113
15193,9.567530632019043
15194,22.666969299316406
15195,62.895137786865234
15196,138.55868530273438
15197,268.238037109375
15198,450.30096435546875
15199,527.5512084960938
15200,572.8523559570312
15201,597.0881958007812
15202,588.9454956054688
15203,597.5018920898438
15204,631.7918090820312
15205,556.5579223632812
15206,472.2634582519531
15207,331.2160949707031
15208,188.4282684326172
15209,119.7500991821289
15210,110.26529693603516
15211,70.33002471923828
15212,41.278541564941406
15213,17.981855392456055
15214,7.210021018981934
15215,3.851734161376953
15216,8.696181297302246
15217,53.94186782836914
15218,200.5657501220703
15219,497.6193542480469
15220,643.7200927734375
15221,314.253173828125
15222,186.28387451171875
15223,241.161865234375
15224,298.56988525390625
15225,282.00347900390625
15226,251.3827362060547
15227,271.85931396484375
15228,439.24810791015625
15229,778.1448364257812
15230,587.0962524414062
15231,366.8554382324219
15232,295.85406494140625
15233,182.616455078125
15234,146.5140838623047
15235,64.79773712158203
15236,25.67524528503418
15237,13.611494064331055
15238,6.615302562713623
15239,3.987558364868164
15240,6.56276798248291
15241,45.24229049682617
15242,184.91043090820312
15243,386.0189514160156
15244,564.3560791015625
15245,250.1111297607422
15246,104.76166534423828
15247,89.92166900634766
15248,93.10751342773438
15249,152.89434814453125
15250,194.75045776367188
15251,163.41043090820312
15252,236.80075073242188
15253,444.3382263183594
15254,478.70806884765625
15255,328.8162841796875
15256,235.947998046875
15257,164.0889434814453
15258,112.22270965576172
15259,85.26979064941406
15260,39.99191665649414
15261,12.911226272583008
15262,6.761857986450195
15263,4.221617698669434
15264,6.551045894622803
15265,44.111454010009766
15266,179.83164978027344
15267,469.52972412109375
15268,717.4266357421875
15269,354.8393249511719
15270,167.20469665527344
15271,197.88816833496094
15272,239.93992614746094
15273,248.87142944335938
15274,227.7716827392578
15275,245.44873046875
15276,374.29931640625
15277,741.0923461914062
15278,816.0068359375
15279,601.1014404296875
15280,438.9606018066406
15281,326.0546569824219
15282,225.00735473632812
15283,147.74607849121094
15284,66.99192810058594
15285,22.19675636291504
15286,10.972846031188965
15287,6.327735900878906
15288,8.722795486450195
15289,51.87382507324219
15290,146.35484313964844
15291,339.53057861328125
15292,703.1464233398438
15293,368.2502746582031
15294,170.37989807128906
15295,194.67747497558594
15296,244.98744201660156
15297,273.3988037109375
15298,249.3092041015625
15299,272.437744140625
15300,413.918212890625
15301,752.7994384765625
15302,740.7626342773438
15303,532.6378784179688
15304,385.1398620605469
15305,282.5501403808594
15306,209.1265869140625
15307,148.23919677734375
15308,82.67781066894531
15309,38.489295959472656
15310,16.344926834106445
15311,7.269796371459961
15312,9.663457870483398
15313,52.91986846923828
15314,187.1929473876953
15315,481.5646057128906
15316,691.6180419921875
15317,360.1507873535156
15318,218.31710815429688
15319,290.0414733886719
15320,362.6174621582031
15321,353.388671875
15322,313.1714782714844
15323,324.7513122558594
15324,450.28094482421875
15325,731.9534301757812
15326,732.3729248046875
15327,525.9559936523438
15328,362.9880065917969
15329,267.9521484375
15330,201.30381774902344
15331,146.8454132080078
15332,103.76918029785156
15333,76.1122055053711
15334,44.02481460571289
15335,19.64450454711914
15336,9.077950477600098
15337,13.850129127502441
15338,39.535987854003906
15339,100.77437591552734
15340,183.8481903076172
15341,313.823974609375
15342,436.49871826171875
15343,501.4419250488281
15344,553.692138671875
15345,593.0139770507812
15346,533.9608764648438
15347,489.1903076171875
15348,528.7454223632812
15349,502.2631530761719
15350,435.84832763671875
15351,321.134033203125
15352,250.68930053710938
15353,198.53106689453125
15354,166.12579345703125
15355,138.12261962890625
15356,114.83317565917969
15357,92.06192016601562
15358,70.83306884765625
15359,36.083648681640625
15360,13.834113121032715
15361,8.555761337280273
15362,17.465389251708984
15363,48.87678527832031
15364,76.19049072265625
15365,121.43928527832031
15366,174.3671112060547
15367,302.3451843261719
15368,395.63519287109375
15369,452.8561096191406
15370,469.4700622558594
15371,478.9343566894531
15372,315.9997863769531
15373,222.5660858154297
15374,153.81680297851562
15375,111.48064422607422
15376,127.17205810546875
15377,117.65711975097656
15378,96.69147491455078
15379,61.429176330566406
15380,35.58622741699219
15381,18.561002731323242
15382,7.912620544433594
15383,4.062152862548828
15384,5.552257537841797
15385,22.261886596679688
15386,71.57166290283203
15387,193.64739990234375
15388,339.9682922363281
15389,276.87054443359375
15390,270.46124267578125
15391,329.28009033203125
15392,384.4375
15393,369.2362060546875
15394,325.815673828125
15395,305.00628662109375
15396,290.43475341796875
15397,318.90863037109375
15398,362.2765808105469
15399,268.2809143066406
15400,194.19940185546875
15401,105.95330810546875
15402,91.48828125
15403,40.92619705200195
15404,27.220792770385742
15405,11.374175071716309
15406,4.313495635986328
15407,2.9816734790802
15408,7.563394546508789
15409,40.60567092895508
15410,176.2569580078125
15411,442.6705627441406
15412,577.9698486328125
15413,277.780029296875
15414,151.23043823242188
15415,183.66062927246094
15416,220.94065856933594
15417,224.2056884765625
15418,213.125
15419,235.6716766357422
15420,373.1221923828125
15421,697.4022216796875
15422,729.30029296875
15423,495.8379211425781
15424,334.1285400390625
15425,235.54090881347656
15426,163.98939514160156
15427,97.06129455566406
15428,40.57395935058594
15429,16.40231704711914
15430,7.732417106628418
15431,4.487044334411621
15432,5.919930934906006
15433,39.61660385131836
15434,166.17552185058594
15435,457.7879943847656
15436,740.6865844726562
15437,364.9894714355469
15438,180.14768981933594
15439,218.585205078125
15440,269.68878173828125
15441,266.2038269042969
15442,244.86326599121094
15443,266.4237060546875
15444,403.8592834472656
15445,767.7294921875
15446,793.3059692382812
15447,552.6396484375
15448,355.26495361328125
15449,248.2777099609375
15450,175.39598083496094
15451,111.21380615234375
15452,48.160621643066406
15453,20.259567260742188
15454,9.1591215133667
15455,4.875234603881836
15456,6.046194553375244
15457,42.269012451171875
15458,167.07937622070312
15459,453.04400634765625
15460,749.609375
15461,365.5959167480469
15462,186.17913818359375
15463,226.03932189941406
15464,289.95556640625
15465,290.6367492675781
15466,266.7279968261719
15467,280.2472229003906
15468,412.7632141113281
15469,701.2890625
15470,676.2626953125
15471,468.693359375
15472,323.9374694824219
15473,230.6946258544922
15474,169.0204315185547
15475,117.62125396728516
15476,67.63601684570312
15477,32.17908477783203
15478,14.247394561767578
15479,6.224723815917969
15480,5.997622489929199
15481,35.3646240234375
15482,140.81320190429688
15483,400.0850524902344
15484,733.7576293945312
15485,383.3359680175781
15486,201.315673828125
15487,259.6661682128906
15488,324.7725830078125
15489,318.5113525390625
15490,295.8107604980469
15491,301.981201171875
15492,398.4156494140625
15493,614.522216796875
15494,586.4227905273438
15495,405.7513427734375
15496,280.4951477050781
15497,212.7352294921875
15498,162.4111785888672
15499,122.32676696777344
15500,90.60751342773438
15501,72.98477172851562
15502,45.29716110229492
15503,21.410497665405273
15504,8.350610733032227
15505,7.792098045349121
15506,23.604156494140625
15507,69.88831329345703
15508,143.4234619140625
15509,252.4635772705078
15510,398.8316345214844
15511,485.2193298339844
15512,541.91650390625
15513,564.6867065429688
15514,548.116455078125
15515,518.9259643554688
15516,527.4796142578125
15517,464.5888366699219
15518,374.2769470214844
15519,271.28302001953125
15520,208.5188751220703
15521,169.77639770507812
15522,139.5072479248047
15523,121.09501647949219
15524,95.92032623291016
15525,75.69456481933594
15526,55.24217224121094
15527,26.724292755126953
15528,10.157238006591797
15529,7.335807800292969
15530,18.493473052978516
15531,53.6092414855957
15532,118.55862426757812
15533,233.52685546875
15534,385.62109375
15535,498.7552490234375
15536,545.0487060546875
15537,577.5194702148438
15538,567.4986572265625
15539,568.7451171875
15540,558.2999267578125
15541,494.3183288574219
15542,419.6744079589844
15543,306.8179016113281
15544,231.30496215820312
15545,174.00015258789062
15546,121.15487670898438
15547,73.10523986816406
15548,41.36587142944336
15549,17.829185485839844
15550,7.024519920349121
15551,4.041726112365723
15552,9.829864501953125
15553,55.87925720214844
15554,195.46095275878906
15555,498.425537109375
15556,590.9421997070312
15557,283.87811279296875
15558,122.5250473022461
15559,168.77268981933594
15560,211.99537658691406
15561,155.30665588378906
15562,210.40081787109375
15563,246.46238708496094
15564,396.3467712402344
15565,731.38916015625
15566,714.4547729492188
15567,368.42181396484375
15568,228.7033233642578
15569,188.9736328125
15570,144.73606872558594
15571,85.98783874511719
15572,34.220760345458984
15573,14.694280624389648
15574,6.682248592376709
15575,3.793882369995117
15576,7.4745988845825195
15577,52.46664810180664
15578,205.88958740234375
15579,520.23388671875
15580,710.0948486328125
15581,340.6986083984375
15582,174.20980834960938
15583,220.84225463867188
15584,264.8366394042969
15585,249.4283447265625
15586,231.13465881347656
15587,251.58897399902344
15588,387.93927001953125
15589,731.7430419921875
15590,769.1148681640625
15591,533.2293090820312
15592,365.6018371582031
15593,257.8603515625
15594,178.68966674804688
15595,99.10253143310547
15596,40.195308685302734
15597,16.023080825805664
15598,7.487717628479004
15599,4.241127014160156
15600,5.6476521492004395
15601,41.00139617919922
15602,172.52902221679688
15603,466.77252197265625
15604,748.4920654296875
15605,366.115966796875
15606,178.03631591796875
15607,212.22329711914062
15608,262.68878173828125
15609,253.16421508789062
15610,232.118896484375
15611,251.3525390625
15612,394.4477233886719
15613,745.1227416992188
15614,758.5819091796875
15615,523.4712524414062
15616,355.6533508300781
15617,254.5443572998047
15618,172.62586975097656
15619,103.80575561523438
15620,43.15501022338867
15621,18.92593765258789
15622,8.952961921691895
15623,5.049445152282715
15624,7.26151180267334
15625,47.342689514160156
15626,184.65353393554688
15627,477.5878601074219
15628,723.1289672851562
15629,358.0108947753906
15630,175.3570556640625
15631,213.9815216064453
15632,265.1905212402344
15633,271.6620178222656
15634,258.2315368652344
15635,271.9544372558594
15636,383.7575378417969
15637,709.5932006835938
15638,718.217041015625
15639,503.4603576660156
15640,343.896240234375
15641,249.31076049804688
15642,181.7769775390625
15643,127.75753784179688
15644,76.36614990234375
15645,36.552467346191406
15646,14.102548599243164
15647,7.225261688232422
15648,7.752982139587402
15649,42.264041900634766
15650,161.61940002441406
15651,340.3359375
15652,569.6839599609375
15653,331.69549560546875
15654,169.8936309814453
15655,208.16290283203125
15656,265.671630859375
15657,314.13128662109375
15658,297.44696044921875
15659,315.596923828125
15660,424.39923095703125
15661,529.471923828125
15662,435.693359375
15663,423.78302001953125
15664,314.6116027832031
15665,241.69419860839844
15666,193.48541259765625
15667,146.16322326660156
15668,103.48330688476562
15669,76.52198791503906
15670,44.238975524902344
15671,18.906654357910156
15672,8.756196022033691
15673,15.170387268066406
15674,43.03802490234375
15675,113.05502319335938
15676,197.08245849609375
15677,340.3255310058594
15678,452.81781005859375
15679,527.732177734375
15680,578.833251953125
15681,612.2467651367188
15682,589.9466552734375
15683,545.7709350585938
15684,574.8374633789062
15685,553.9005737304688
15686,469.9025573730469
15687,339.52032470703125
15688,255.615966796875
15689,199.75942993164062
15690,159.33230590820312
15691,132.89688110351562
15692,110.7788314819336
15693,87.64043426513672
15694,65.51171875
15695,33.20790100097656
15696,12.814566612243652
15697,7.691003799438477
15698,16.308862686157227
15699,51.24808120727539
15700,120.63235473632812
15701,237.6646728515625
15702,409.09344482421875
15703,493.3445739746094
15704,537.22705078125
15705,566.9253540039062
15706,574.0713500976562
15707,584.4156494140625
15708,554.612548828125
15709,471.3023986816406
15710,384.72930908203125
15711,285.9131774902344
15712,217.33731079101562
15713,163.02064514160156
15714,113.50529479980469
15715,64.76542663574219
15716,36.79259490966797
15717,15.854192733764648
15718,6.132814884185791
15719,3.3552703857421875
15720,8.672534942626953
15721,53.85801696777344
15722,192.681640625
15723,479.0375671386719
15724,642.2031860351562
15725,316.4593505859375
15726,185.51519775390625
15727,239.6038818359375
15728,299.2738037109375
15729,283.1539306640625
15730,255.92770385742188
15731,277.3594970703125
15732,455.373046875
15733,802.3348999023438
15734,761.4006958007812
15735,511.41156005859375
15736,349.2034606933594
15737,242.17691040039062
15738,163.8128662109375
15739,87.62403869628906
15740,34.18832015991211
15741,14.787153244018555
15742,6.9140448570251465
15743,4.020087718963623
15744,7.269761085510254
15745,51.34261703491211
15746,205.10354614257812
15747,517.2470703125
15748,702.4668579101562
15749,336.5861511230469
15750,168.2598114013672
15751,216.9314422607422
15752,271.0120544433594
15753,257.0982666015625
15754,232.5442352294922
15755,261.4499206542969
15756,436.38983154296875
15757,830.0382080078125
15758,824.9707641601562
15759,583.9161987304688
15760,412.4308776855469
15761,289.6288757324219
15762,199.95021057128906
15763,110.4701156616211
15764,43.64653015136719
15765,17.454952239990234
15766,8.104144096374512
15767,4.79255485534668
15768,7.493644714355469
15769,51.21628952026367
15770,202.85520935058594
15771,525.742919921875
15772,743.0595703125
15773,358.94390869140625
15774,176.46788024902344
15775,216.12611389160156
15776,269.137939453125
15777,267.6633605957031
15778,246.13609313964844
15779,273.60235595703125
15780,420.2181701660156
15781,810.5043334960938
15782,839.6033325195312
15783,615.9703369140625
15784,433.6390075683594
15785,310.7099304199219
15786,216.80906677246094
15787,138.6452178955078
15788,62.0913200378418
15789,25.462589263916016
15790,11.259438514709473
15791,6.029103755950928
15792,8.608002662658691
15793,53.71574401855469
15794,200.4114532470703
15795,512.3580322265625
15796,708.9449462890625
15797,344.355224609375
15798,176.1157684326172
15799,215.13941955566406
15800,257.771240234375
15801,268.33575439453125
15802,249.4209442138672
15803,267.655029296875
15804,389.05047607421875
15805,705.6344604492188
15806,789.6752319335938
15807,561.8129272460938
15808,392.069580078125
15809,276.285888671875
15810,195.93414306640625
15811,138.54237365722656
15812,76.6441421508789
15813,37.329742431640625
15814,16.126874923706055
15815,7.329819679260254
15816,8.279916763305664
15817,45.17793655395508
15818,170.22584533691406
15819,457.48291015625
15820,704.6296997070312
15821,355.2182312011719
15822,192.50643920898438
15823,238.08782958984375
15824,295.5296630859375
15825,309.09033203125
15826,290.8331604003906
15827,298.97113037109375
15828,399.829833984375
15829,644.77294921875
15830,705.018798828125
15831,512.3803100585938
15832,350.6017761230469
15833,256.5040283203125
15834,195.83218383789062
15835,147.38775634765625
15836,109.25879669189453
15837,83.2217788696289
15838,49.07386016845703
15839,22.215667724609375
15840,9.683594703674316
15841,11.770295143127441
15842,34.431209564208984
15843,91.99835205078125
15844,171.59315490722656
15845,297.33197021484375
15846,427.43096923828125
15847,501.8428955078125
15848,560.3540649414062
15849,606.2715454101562
15850,595.0360717773438
15851,544.720458984375
15852,536.7886352539062
15853,497.1317138671875
15854,429.62823486328125
15855,319.65435791015625
15856,240.5042266845703
15857,190.1251983642578
15858,155.48541259765625
15859,128.66757202148438
15860,102.31500244140625
15861,67.22514343261719
15862,59.19208526611328
15863,30.56354331970215
15864,12.572514533996582
15865,8.848810195922852
15866,18.267515182495117
15867,48.488311767578125
15868,109.36915588378906
15869,208.71987915039062
15870,326.36749267578125
15871,407.2658386230469
15872,459.4024658203125
15873,460.4268798828125
15874,454.3129577636719
15875,438.37506103515625
15876,383.96380615234375
15877,220.4423370361328
15878,128.4736328125
15879,82.9260025024414
15880,66.64215850830078
15881,51.530330657958984
15882,42.38374710083008
15883,30.693706512451172
15884,19.129627227783203
15885,8.055419921875
15886,3.554943561553955
15887,3.5680127143859863
15888,11.612753868103027
15889,46.895835876464844
15890,153.71946716308594
15891,199.6543426513672
15892,167.5940704345703
15893,131.1083221435547
15894,149.5558624267578
15895,182.43190002441406
15896,188.94664001464844
15897,138.2080841064453
15898,58.14264678955078
15899,13.686592102050781
15900,5.93167781829834
15901,11.598889350891113
15902,65.95874786376953
15903,264.0885314941406
15904,627.3768310546875
15905,327.33111572265625
15906,167.7307891845703
15907,205.42477416992188
15908,231.98275756835938
15909,232.6509552001953
15910,226.5520782470703
15911,239.92372131347656
15912,342.0472717285156
15913,596.3662719726562
15914,745.7221069335938
15915,527.0325317382812
15916,356.1191101074219
15917,249.79067993164062
15918,177.15150451660156
15919,120.44898223876953
15920,59.62288284301758
15921,24.38543128967285
15922,10.526851654052734
15923,5.1174235343933105
15924,5.157166481018066
15925,32.74459457397461
15926,138.87612915039062
15927,407.4150085449219
15928,765.8224487304688
15929,377.6905517578125
15930,146.57269287109375
15931,130.54196166992188
15932,126.45246887207031
15933,118.6114273071289
15934,185.72886657714844
15935,232.45327758789062
15936,381.920654296875
15937,626.2772216796875
15938,433.4964294433594
15939,358.6486511230469
15940,265.9554748535156
15941,197.4381103515625
15942,152.06918334960938
15943,108.48613739013672
15944,62.11891555786133
15945,29.65398406982422
15946,12.371745109558105
15947,5.028995037078857
15948,5.156296253204346
15949,32.46783447265625
15950,132.3899383544922
15951,381.5007629394531
15952,724.4464111328125
15953,374.3504943847656
15954,190.310302734375
15955,242.0517120361328
15956,302.4146423339844
15957,302.27490234375
15958,282.2648620605469
15959,276.28179931640625
15960,355.09954833984375
15961,550.6721801757812
15962,545.0476684570312
15963,365.7106018066406
15964,249.13548278808594
15965,176.27005004882812
15966,138.65380859375
15967,115.26512908935547
15968,87.62175750732422
15969,72.10375213623047
15970,48.614627838134766
15971,23.447744369506836
15972,8.75943660736084
15973,5.982115745544434
15974,16.27277183532715
15975,51.73862075805664
15976,112.81619262695312
15977,200.94094848632812
15978,329.5055236816406
15979,424.5310974121094
15980,468.404296875
15981,473.5691833496094
15982,456.087158203125
15983,425.7098083496094
15984,371.7265319824219
15985,319.3949890136719
15986,258.85205078125
15987,189.47750854492188
15988,160.34727478027344
15989,139.39527893066406
15990,123.59464263916016
15991,106.9966049194336
15992,90.682373046875
15993,74.5520248413086
15994,54.65727233886719
15995,26.029170989990234
15996,9.758744239807129
15997,6.388409614562988
15998,15.061504364013672
15999,45.297149658203125
16000,104.13199615478516
16001,208.54835510253906
16002,363.5102844238281
16003,460.068603515625
16004,509.32696533203125
16005,542.56591796875
16006,567.320068359375
16007,568.5093383789062
16008,505.8002624511719
16009,409.909912109375
16010,322.8344421386719
16011,228.726318359375
16012,171.07643127441406
16013,123.57569122314453
16014,89.79862213134766
16015,52.656829833984375
16016,31.652629852294922
16017,12.866374015808105
16018,4.7365875244140625
16019,2.89387583732605
16020,8.234774589538574
16021,48.379207611083984
16022,170.55087280273438
16023,440.1897888183594
16024,593.112548828125
16025,282.72406005859375
16026,162.9391632080078
16027,200.04835510253906
16028,242.4623260498047
16029,244.7977294921875
16030,229.03652954101562
16031,255.22238159179688
16032,404.6825256347656
16033,663.2224731445312
16034,618.0478515625
16035,407.1959533691406
16036,270.05859375
16037,184.07785034179688
16038,122.57353210449219
16039,69.17390441894531
16040,28.2368221282959
16041,12.318750381469727
16042,5.413754940032959
16043,3.022947311401367
16044,6.637325286865234
16045,48.64194869995117
16046,190.7089080810547
16047,473.42437744140625
16048,681.945068359375
16049,327.3135681152344
16050,163.761474609375
16051,201.31076049804688
16052,247.74493408203125
16053,240.41165161132812
16054,219.45388793945312
16055,232.8290557861328
16056,342.6081237792969
16057,618.5457763671875
16058,696.7378540039062
16059,470.39117431640625
16060,311.5820007324219
16061,212.8691864013672
16062,141.57102966308594
16063,83.72984313964844
16064,32.856895446777344
16065,13.490864753723145
16066,6.047967433929443
16067,3.3629040718078613
16068,5.207751274108887
16069,38.91057205200195
16070,161.47833251953125
16071,438.354736328125
16072,700.3256225585938
16073,328.72210693359375
16074,158.64784240722656
16075,188.42185974121094
16076,222.3114471435547
16077,222.3184814453125
16078,209.6829071044922
16079,217.36532592773438
16080,310.3583068847656
16081,540.0044555664062
16082,638.66259765625
16083,436.95330810546875
16084,288.9066467285156
16085,203.63824462890625
16086,146.20687866210938
16087,76.4188461303711
16088,31.019309997558594
16089,13.841506958007812
16090,6.429668426513672
16091,3.7144665718078613
16092,4.772697448730469
16093,33.891780853271484
16094,168.38140869140625
16095,524.3550415039062
16096,491.46307373046875
16097,228.2062530517578
16098,195.34117126464844
16099,247.99864196777344
16100,271.339111328125
16101,257.77667236328125
16102,263.34869384765625
16103,359.09771728515625
16104,597.67626953125
16105,605.9924926757812
16106,406.4315490722656
16107,275.3636169433594
16108,194.37661743164062
16109,142.35374450683594
16110,102.53416442871094
16111,59.00947570800781
16112,29.10847282409668
16113,12.456927299499512
16114,5.0937700271606445
16115,4.813913345336914
16116,28.701148986816406
16117,118.6351547241211
16118,358.8011169433594
16119,703.7456665039062
16120,378.0169982910156
16121,191.0668487548828
16122,231.49667358398438
16123,295.4673156738281
16124,301.30322265625
16125,286.7138366699219
16126,295.4852600097656
16127,397.5460205078125
16128,609.7854614257812
16129,578.933349609375
16130,400.98687744140625
16131,267.3756408691406
16132,198.68907165527344
16133,158.1765594482422
16134,122.28595733642578
16135,91.73116302490234
16136,72.37142944335938
16137,48.27532958984375
16138,23.8409423828125
16139,9.201245307922363
16140,6.882230758666992
16141,21.035219192504883
16142,62.72076416015625
16143,131.86558532714844
16144,240.84268188476562
16145,387.2494201660156
16146,486.4545593261719
16147,540.6685791015625
16148,583.9669189453125
16149,595.385498046875
16150,576.2122802734375
16151,583.2198486328125
16152,521.3617553710938
16153,421.7379455566406
16154,292.4801330566406
16155,223.892333984375
16156,180.42440795898438
16157,146.4410858154297
16158,117.69802856445312
16159,93.66546630859375
16160,73.84038543701172
16161,52.52783203125
16162,24.269750595092773
16163,9.431471824645996
16164,6.886149883270264
16165,16.918569564819336
16166,50.55134582519531
16167,113.99211120605469
16168,219.98548889160156
16169,368.4200744628906
16170,473.0171203613281
16171,526.8328857421875
16172,570.8187866210938
16173,597.56298828125
16174,624.0411987304688
16175,593.0530395507812
16176,497.57965087890625
16177,407.26544189453125
16178,297.3867492675781
16179,220.08529663085938
16180,161.9346923828125
16181,114.97709655761719
16182,66.13631439208984
16183,36.60795593261719
16184,20.142778396606445
16185,9.127204895019531
16186,4.510563850402832
16187,5.7340898513793945
16188,23.509164810180664
16189,78.4166259765625
16190,204.4170379638672
16191,358.1434326171875
16192,299.7745056152344
16193,282.3398132324219
16194,353.8849792480469
16195,407.0075988769531
16196,403.6990966796875
16197,360.70074462890625
16198,321.79180908203125
16199,365.1593322753906
16200,516.5365600585938
16201,475.157470703125
16202,330.1568908691406
16203,230.79652404785156
16204,160.35488891601562
16205,86.3969497680664
16206,65.49323272705078
16207,37.15330123901367
16208,15.744876861572266
16209,5.969967365264893
16210,3.4002561569213867
16211,5.598568439483643
16212,40.006568908691406
16213,165.6299591064453
16214,330.2568664550781
16215,428.24810791015625
16216,193.3467254638672
16217,81.32996368408203
16218,68.76842498779297
16219,116.24256896972656
16220,159.855712890625
16221,197.81980895996094
16222,238.95492553710938
16223,413.6755065917969
16224,678.4097900390625
16225,579.7659912109375
16226,390.3872375488281
16227,257.6641540527344
16228,178.2431182861328
16229,119.97064971923828
16230,63.016754150390625
16231,24.150543212890625
16232,10.228755950927734
16233,4.552340507507324
16234,2.838787078857422
16235,8.269721031188965
16236,55.7708740234375
16237,209.77072143554688
16238,506.3629455566406
16239,680.1575927734375
16240,323.71954345703125
16241,165.2684326171875
16242,207.1659393310547
16243,249.45140075683594
16244,244.3869171142578
16245,225.7486114501953
16246,239.74961853027344
16247,350.3857421875
16248,623.1039428710938
16249,676.4238891601562
16250,467.3389587402344
16251,316.40484619140625
16252,226.17349243164062
16253,163.09840393066406
16254,108.48049926757812
16255,45.86505889892578
16256,19.64202880859375
16257,8.563959121704102
16258,4.258767127990723
16259,5.294374942779541
16260,37.72726058959961
16261,153.25794982910156
16262,422.0123596191406
16263,737.8573608398438
16264,357.27008056640625
16265,172.9770050048828
16266,206.23536682128906
16267,249.16900634765625
16268,251.335693359375
16269,237.16014099121094
16270,245.7418670654297
16271,343.8797912597656
16272,575.361328125
16273,629.786865234375
16274,435.7577209472656
16275,296.5612487792969
16276,219.85528564453125
16277,161.14291381835938
16278,113.88660430908203
16279,70.67277526855469
16280,34.88080978393555
16281,15.210756301879883
16282,6.244186878204346
16283,5.069520473480225
16284,25.561792373657227
16285,110.48664855957031
16286,347.4169006347656
16287,704.3148193359375
16288,380.2786865234375
16289,190.01295471191406
16290,236.93153381347656
16291,303.6617126464844
16292,307.49383544921875
16293,290.3790283203125
16294,299.80548095703125
16295,409.34930419921875
16296,621.6572265625
16297,561.116943359375
16298,378.0446472167969
16299,259.1529541015625
16300,191.18585205078125
16301,150.2676239013672
16302,114.12109375
16303,84.79768371582031
16304,68.79428100585938
16305,42.7805061340332
16306,19.799039840698242
16307,7.515911102294922
16308,6.385373115539551
16309,20.575178146362305
16310,64.40375518798828
16311,134.96426391601562
16312,224.7694091796875
16313,366.5773620605469
16314,461.1960754394531
16315,516.165771484375
16316,544.901611328125
16317,535.7902221679688
16318,508.6341552734375
16319,485.3498840332031
16320,412.04290771484375
16321,330.2928771972656
16322,234.67323303222656
16323,183.2372283935547
16324,149.03134155273438
16325,124.35887145996094
16326,105.52912139892578
16327,87.95240783691406
16328,72.51820373535156
16329,57.49189376831055
16330,28.42923355102539
16331,10.70988941192627
16332,6.6065473556518555
16333,13.93152904510498
16334,41.96580505371094
16335,97.7095947265625
16336,194.4564666748047
16337,334.8066101074219
16338,425.9426574707031
16339,499.6711730957031
16340,539.294677734375
16341,539.6077880859375
16342,525.3861694335938
16343,480.7776184082031
16344,382.8535461425781
16345,300.9492492675781
16346,214.29183959960938
16347,164.45201110839844
16348,128.21853637695312
16349,94.55490112304688
16350,56.347129821777344
16351,34.335479736328125
16352,14.405190467834473
16353,5.270315170288086
16354,3.0675606727600098
16355,8.110857963562012
16356,48.07373046875
16357,174.1067352294922
16358,447.237548828125
16359,593.8362426757812
16360,282.75030517578125
16361,160.5443572998047
16362,189.64779663085938
16363,223.6494598388672
16364,233.8770294189453
16365,229.18356323242188
16366,254.0558319091797
16367,403.2441101074219
16368,683.73291015625
16369,634.296630859375
16370,412.7795715332031
16371,265.6229553222656
16372,183.87295532226562
16373,128.90106201171875
16374,78.50869750976562
16375,33.15796661376953
16376,14.68918514251709
16377,6.5605340003967285
16378,3.4695181846618652
16379,5.154810905456543
16380,38.733436584472656
16381,163.94479370117188
16382,442.3996276855469
16383,704.1665649414062
16384,341.5686340332031
16385,165.94927978515625
16386,195.2261505126953
16387,231.452880859375
16388,231.5023193359375
16389,213.37806701660156
16390,224.66404724121094
16391,342.9625549316406
16392,636.0187377929688
16393,711.732421875
16394,486.52056884765625
16395,324.6036376953125
16396,226.13125610351562
16397,159.3594512939453
16398,100.99547576904297
16399,41.958377838134766
16400,17.069576263427734
16401,7.486414909362793
16402,3.8876538276672363
16403,4.8890790939331055
16404,34.74821090698242
16405,150.52664184570312
16406,422.78118896484375
16407,744.291015625
16408,365.4048767089844
16409,177.37974548339844
16410,206.30799865722656
16411,257.4974670410156
16412,253.95819091796875
16413,234.84152221679688
16414,251.17703247070312
16415,380.0133361816406
16416,690.287353515625
16417,713.3622436523438
16418,493.3153381347656
16419,331.9281311035156
16420,231.45599365234375
16421,166.86256408691406
16422,110.43722534179688
16423,48.95642852783203
16424,25.95233726501465
16425,13.404467582702637
16426,6.362204074859619
16427,5.227050304412842
16428,22.085655212402344
16429,86.73558044433594
16430,255.751953125
16431,445.91668701171875
16432,368.9393615722656
16433,243.77210998535156
16434,302.647216796875
16435,369.3195495605469
16436,367.3309326171875
16437,333.1758728027344
16438,316.69482421875
16439,380.0400390625
16440,532.5950927734375
16441,500.1168518066406
16442,347.7840881347656
16443,244.290283203125
16444,180.48678588867188
16445,137.26486206054688
16446,108.83035278320312
16447,83.61473846435547
16448,54.21168899536133
16449,24.744657516479492
16450,8.372772216796875
16451,4.506861209869385
16452,14.177062034606934
16453,71.41803741455078
16454,252.0994415283203
16455,593.179931640625
16456,359.9263000488281
16457,206.39698791503906
16458,265.0217590332031
16459,325.7377624511719
16460,326.37872314453125
16461,305.68524169921875
16462,327.583251953125
16463,466.5724792480469
16464,666.5625
16465,572.5626831054688
16466,391.2313537597656
16467,269.88323974609375
16468,210.09298706054688
16469,160.9609375
16470,114.7787857055664
16471,82.5185546875
16472,65.55146789550781
16473,37.68159866333008
16474,16.43117332458496
16475,6.546670436859131
16476,6.065978527069092
16477,19.5831241607666
16478,62.844154357910156
16479,135.11444091796875
16480,212.85195922851562
16481,308.8960876464844
16482,401.5594482421875
16483,447.0123291015625
16484,434.88262939453125
16485,441.732421875
16486,405.19488525390625
16487,357.3112487792969
16488,291.6732177734375
16489,230.7435760498047
16490,170.8895263671875
16491,145.89898681640625
16492,124.49247741699219
16493,111.69877624511719
16494,95.93405151367188
16495,81.86876678466797
16496,68.77245330810547
16497,51.745948791503906
16498,22.815019607543945
16499,8.540433883666992
16500,5.8820672035217285
16501,14.191792488098145
16502,43.4882926940918
16503,97.60478210449219
16504,188.9109649658203
16505,320.08721923828125
16506,411.7644958496094
16507,461.6392822265625
16508,484.4587707519531
16509,501.366943359375
16510,486.7854309082031
16511,451.3892517089844
16512,377.34185791015625
16513,302.01397705078125
16514,212.78822326660156
16515,170.4587860107422
16516,134.2010040283203
16517,104.68141174316406
16518,75.02747344970703
16519,44.092613220214844
16520,18.49005699157715
16521,6.316473960876465
16522,2.9184072017669678
16523,5.622017860412598
16524,37.93552017211914
16525,145.47901916503906
16526,404.2679748535156
16527,628.3159790039062
16528,310.2751770019531
16529,178.97607421875
16530,225.57102966308594
16531,277.5544128417969
16532,270.7212829589844
16533,245.58450317382812
16534,263.8855895996094
16535,420.05450439453125
16536,711.8350830078125
16537,677.5735473632812
16538,442.8080749511719
16539,298.1285400390625
16540,207.29490661621094
16541,142.41104125976562
16542,83.77765655517578
16543,32.293128967285156
16544,13.820383071899414
16545,6.114410877227783
16546,3.3159337043762207
16547,4.65347146987915
16548,27.92551040649414
16549,131.96072387695312
16550,386.39190673828125
16551,563.7536010742188
16552,248.88406372070312
16553,134.38027954101562
16554,96.36542510986328
16555,83.18721008300781
16556,70.34869384765625
16557,68.73133850097656
16558,75.8162612915039
16559,190.66375732421875
16560,400.4185485839844
16561,519.42724609375
16562,373.199462890625
16563,262.3703308105469
16564,184.43173217773438
16565,126.56063079833984
16566,77.47167205810547
16567,29.25582504272461
16568,11.492111206054688
16569,4.893138408660889
16570,2.771653413772583
16571,5.494150161743164
16572,40.395225524902344
16573,167.440185546875
16574,441.7647399902344
16575,679.3084716796875
16576,320.0333251953125
16577,160.09127807617188
16578,202.9644012451172
16579,249.08241271972656
16580,234.6923370361328
16581,221.1881103515625
16582,238.20254516601562
16583,362.076904296875
16584,640.3472900390625
16585,674.848388671875
16586,452.7132873535156
16587,312.35235595703125
16588,224.1134490966797
16589,156.1268768310547
16590,101.35742950439453
16591,44.08271408081055
16592,18.734811782836914
16593,8.161273002624512
16594,4.093202590942383
16595,6.068271636962891
16596,46.19992446899414
16597,205.14373779296875
16598,592.515625
16599,538.5426635742188
16600,257.8854064941406
16601,209.3788299560547
16602,273.2355651855469
16603,292.8177185058594
16604,274.57550048828125
16605,263.59814453125
16606,334.6250915527344
16607,553.5607299804688
16608,647.850341796875
16609,450.4499206542969
16610,302.39727783203125
16611,218.52490234375
16612,159.3018035888672
16613,115.4883804321289
16614,76.84180450439453
16615,37.039146423339844
16616,16.1436824798584
16617,6.504210948944092
16618,5.023321151733398
16619,26.282495498657227
16620,113.38611602783203
16621,344.92596435546875
16622,700.1447143554688
16623,398.2713317871094
16624,200.0557403564453
16625,241.22596740722656
16626,306.2521667480469
16627,307.81866455078125
16628,288.7962341308594
16629,288.73419189453125
16630,382.0983581542969
16631,601.462158203125
16632,613.9668579101562
16633,419.02899169921875
16634,288.3403015136719
16635,214.37551879882812
16636,160.6314239501953
16637,126.47228240966797
16638,92.29385375976562
16639,72.41895294189453
16640,46.488006591796875
16641,22.35404396057129
16642,8.432904243469238
16643,6.348937034606934
16644,18.754432678222656
16645,59.923133850097656
16646,130.7859344482422
16647,220.6345977783203
16648,336.4152526855469
16649,428.8314208984375
16650,485.1685485839844
16651,511.38714599609375
16652,529.3565673828125
16653,531.0623168945312
16654,509.9378662109375
16655,435.376953125
16656,338.2830505371094
16657,243.1844482421875
16658,184.36038208007812
16659,152.66226196289062
16660,125.41360473632812
16661,105.19818878173828
16662,88.98910522460938
16663,72.5918197631836
16664,53.255149841308594
16665,25.22104835510254
16666,9.90031909942627
16667,6.848403453826904
16668,15.315580368041992
16669,43.839378356933594
16670,100.11790466308594
16671,197.6732940673828
16672,307.888916015625
16673,398.8314514160156
16674,454.72589111328125
16675,492.4795227050781
16676,529.6884765625
16677,539.1393432617188
16678,506.4342956542969
16679,425.6457214355469
16680,226.87620544433594
16681,207.2735595703125
16682,159.11883544921875
16683,124.18916320800781
16684,93.62362670898438
16685,57.64647674560547
16686,35.28739547729492
16687,14.58002758026123
16688,5.365179538726807
16689,3.342066764831543
16690,10.069624900817871
16691,57.64012908935547
16692,200.0896759033203
16693,478.0935974121094
16694,586.01904296875
16695,295.13006591796875
16696,174.24632263183594
16697,218.5724334716797
16698,265.1407775878906
16699,269.98712158203125
16700,251.7296905517578
16701,266.4383544921875
16702,398.5362243652344
16703,726.6907348632812
16704,750.6236572265625
16705,502.99273681640625
16706,332.39947509765625
16707,226.17642211914062
16708,148.9441680908203
16709,92.27930450439453
16710,40.05086898803711
16711,17.678117752075195
16712,7.993278503417969
16713,4.092034339904785
16714,5.028313636779785
16715,32.563323974609375
16716,146.54806518554688
16717,417.71795654296875
16718,714.9339599609375
16719,353.03582763671875
16720,171.96421813964844
16721,194.44947814941406
16722,235.6732635498047
16723,246.27719116210938
16724,223.01364135742188
16725,230.71617126464844
16726,333.8081359863281
16727,651.4757080078125
16728,788.7404174804688
16729,538.274658203125
16730,352.7563781738281
16731,242.6800994873047
16732,165.41891479492188
16733,101.54267883300781
16734,43.08935546875
16735,17.61681365966797
16736,7.854763984680176
16737,4.175988674163818
16738,5.158710956573486
16739,33.63226318359375
16740,150.25608825683594
16741,361.90606689453125
16742,540.2250366210938
16743,310.75244140625
16744,154.671875
16745,178.03025817871094
16746,223.5584259033203
16747,241.9512481689453
16748,227.42068481445312
16749,247.27981567382812
16750,387.54351806640625
16751,691.2106323242188
16752,649.3585205078125
16753,425.4970397949219
16754,283.345458984375
16755,191.14974975585938
16756,129.60899353027344
16757,81.64978790283203
16758,33.967891693115234
16759,15.603288650512695
16760,6.9596452713012695
16761,3.568711757659912
16762,6.025218486785889
16763,42.589073181152344
16764,165.1305389404297
16765,437.15716552734375
16766,699.996337890625
16767,339.4357604980469
16768,173.40077209472656
16769,212.10386657714844
16770,261.5633239746094
16771,262.0353698730469
16772,245.69105529785156
16773,255.11978149414062
16774,368.2932434082031
16775,604.2545776367188
16776,618.025146484375
16777,418.97833251953125
16778,279.672607421875
16779,200.4538116455078
16780,145.3423309326172
16781,103.41801452636719
16782,65.50096893310547
16783,33.57343292236328
16784,14.116302490234375
16785,5.608785152435303
16786,4.701076030731201
16787,25.856273651123047
16788,113.93082427978516
16789,352.79229736328125
16790,578.4716796875
16791,346.3989562988281
16792,169.1777801513672
16793,199.5544891357422
16794,243.72064208984375
16795,263.6470947265625
16796,254.66636657714844
16797,260.0874938964844
16798,345.94720458984375
16799,542.8643188476562
16800,577.2659912109375
16801,398.8863525390625
16802,276.47344970703125
16803,157.19711303710938
16804,139.60482788085938
16805,115.5821762084961
16806,90.22230529785156
16807,73.62248229980469
16808,52.1259651184082
16809,26.45874786376953
16810,10.320136070251465
16811,6.701583385467529
16812,16.61495018005371
16813,52.222530364990234
16814,115.78704071044922
16815,216.14547729492188
16816,363.1673583984375
16817,454.0618591308594
16818,500.97998046875
16819,532.7019653320312
16820,547.7551879882812
16821,510.4951171875
16822,486.8819580078125
16823,418.04913330078125
16824,330.4752502441406
16825,242.03501892089844
16826,191.5664520263672
16827,151.46849060058594
16828,125.1244125366211
16829,103.69771575927734
16830,88.6304931640625
16831,73.52099609375
16832,49.9132080078125
16833,22.65257453918457
16834,9.364776611328125
16835,7.721246719360352
16836,19.77994728088379
16837,41.057701110839844
16838,72.73379516601562
16839,117.50987243652344
16840,228.25064086914062
16841,305.9462585449219
16842,365.06695556640625
16843,399.3984680175781
16844,397.7847900390625
16845,397.83026123046875
16846,252.88380432128906
16847,182.9700927734375
16848,134.07656860351562
16849,102.11286926269531
16850,85.52830505371094
16851,69.48868560791016
16852,75.13851928710938
16853,43.62345886230469
16854,26.162561416625977
16855,10.789770126342773
16856,4.724717140197754
16857,3.088529109954834
16858,7.157968521118164
16859,41.687801361083984
16860,157.7948455810547
16861,407.70587158203125
16862,594.0206298828125
16863,295.4028625488281
16864,154.81759643554688
16865,181.63148498535156
16866,141.24609375
16867,118.32920837402344
16868,108.72769927978516
16869,191.30062866210938
16870,300.7406921386719
16871,559.848388671875
16872,660.0675048828125
16873,437.71600341796875
16874,297.7502136230469
16875,206.33746337890625
16876,142.43991088867188
16877,91.63066864013672
16878,38.89277267456055
16879,14.132644653320312
16880,6.997185230255127
16881,3.847899913787842
16882,4.507931709289551
16883,29.883771896362305
16884,104.03854370117188
16885,342.9263000488281
16886,662.4640502929688
16887,327.27880859375
16888,155.3187255859375
16889,178.8901824951172
16890,209.78530883789062
16891,215.20352172851562
16892,205.93399047851562
16893,215.38865661621094
16894,311.1823425292969
16895,573.3995971679688
16896,667.9202270507812
16897,447.6756896972656
16898,294.1168212890625
16899,204.852294921875
16900,143.57090759277344
16901,88.119384765625
16902,35.771636962890625
16903,14.99981689453125
16904,6.462838649749756
16905,3.3102221488952637
16906,4.559058666229248
16907,36.574981689453125
16908,155.59237670898438
16909,432.210693359375
16910,707.7769775390625
16911,335.69183349609375
16912,162.7913360595703
16913,192.2225341796875
16914,229.74215698242188
16915,231.33641052246094
16916,214.02508544921875
16917,224.98892211914062
16918,336.7220458984375
16919,595.6907348632812
16920,653.0571899414062
16921,440.6025390625
16922,288.63873291015625
16923,202.2903594970703
16924,142.34677124023438
16925,95.26848602294922
16926,44.24562072753906
16927,19.178621292114258
16928,8.141164779663086
16929,3.9261064529418945
16930,4.853042125701904
16931,34.21569061279297
16932,142.60757446289062
16933,406.54559326171875
16934,721.1063232421875
16935,353.09271240234375
16936,175.87127685546875
16937,213.55845642089844
16938,265.53448486328125
16939,263.4957275390625
16940,247.9149627685547
16941,257.5323486328125
16942,362.6601257324219
16943,600.6497192382812
16944,618.3265991210938
16945,425.5153503417969
16946,287.7889404296875
16947,216.36148071289062
16948,161.44046020507812
16949,113.0905990600586
16950,73.66879272460938
16951,36.201255798339844
16952,15.455698013305664
16953,6.045982837677002
16954,4.806695938110352
16955,25.639799118041992
16956,110.44513702392578
16957,333.322509765625
16958,690.272216796875
16959,390.0523986816406
16960,195.4943084716797
16961,223.4688262939453
16962,285.3016052246094
16963,300.3563537597656
16964,285.874755859375
16965,292.7375793457031
16966,380.974365234375
16967,576.4041137695312
16968,581.1914672851562
16969,403.6869201660156
16970,277.0841979980469
16971,203.13818359375
16972,152.70880126953125
16973,118.6456527709961
16974,90.16069030761719
16975,73.220947265625
16976,49.17405319213867
16977,23.85776710510254
16978,9.118706703186035
16979,6.504713535308838
16980,19.232112884521484
16981,61.36797332763672
16982,128.15853881835938
16983,227.05523681640625
16984,353.166015625
16985,450.5610046386719
16986,503.12396240234375
16987,547.3042602539062
16988,555.3384399414062
16989,544.3705444335938
16990,509.9018249511719
16991,425.9790954589844
16992,332.98712158203125
16993,234.14059448242188
16994,178.3607635498047
16995,141.77334594726562
16996,120.40242767333984
16997,100.31265258789062
16998,81.97897338867188
16999,71.00528717041016
17000,37.04767608642578
17001,17.93907928466797
17002,7.5372772216796875
17003,7.462641716003418
17004,21.047515869140625
17005,58.51820755004883
17006,120.88165283203125
17007,224.13536071777344
17008,337.6103515625
17009,424.2239990234375
17010,465.69598388671875
17011,501.31280517578125
17012,522.1212768554688
17013,515.4474487304688
17014,479.33935546875
17015,406.5088806152344
17016,330.5969543457031
17017,166.49293518066406
17018,145.46421813964844
17019,125.85343170166016
17020,99.7008285522461
17021,70.89732360839844
17022,43.14511489868164
17023,18.642179489135742
17024,6.638421535491943
17025,3.442286491394043
17026,6.590300559997559
17027,31.24787139892578
17028,136.64906311035156
17029,380.452880859375
17030,612.02783203125
17031,312.9109191894531
17032,165.24362182617188
17033,194.56768798828125
17034,228.78854370117188
17035,246.53909301757812
17036,225.93963623046875
17037,231.28988647460938
17038,330.3224182128906
17039,456.2558898925781
17040,620.7434692382812
17041,434.7209777832031
17042,285.7523498535156
17043,193.31919860839844
17044,137.54541015625
17045,89.62261962890625
17046,30.535335540771484
17047,15.794658660888672
17048,7.494756698608398
17049,3.9826865196228027
17050,5.2423248291015625
17051,35.41921615600586
17052,156.11593627929688
17053,430.0771484375
17054,698.212646484375
17055,349.76416015625
17056,168.8953094482422
17057,196.08763122558594
17058,242.22364807128906
17059,190.7403564453125
17060,208.24191284179688
17061,222.46888732910156
17062,334.4458923339844
17063,626.8715209960938
17064,709.3191528320312
17065,478.1886291503906
17066,310.3183898925781
17067,214.39657592773438
17068,146.8829803466797
17069,92.04901123046875
17070,37.608665466308594
17071,15.144847869873047
17072,6.66135835647583
17073,3.448945999145508
17074,4.6246209144592285
17075,35.222618103027344
17076,153.49343872070312
17077,428.7236328125
17078,736.9908447265625
17079,358.04840087890625
17080,174.15234375
17081,196.23533630371094
17082,247.07852172851562
17083,243.72064208984375
17084,226.21640014648438
17085,234.68333435058594
17086,332.02880859375
17087,596.97216796875
17088,696.903564453125
17089,473.26446533203125
17090,311.3086242675781
17091,219.63833618164062
17092,151.73190307617188
17093,103.85978698730469
17094,47.35956573486328
17095,20.486955642700195
17096,9.16727352142334
17097,4.405893325805664
17098,5.090744495391846
17099,34.57017135620117
17100,144.71563720703125
17101,411.7694091796875
17102,734.5579223632812
17103,363.4715270996094
17104,176.28958129882812
17105,205.38558959960938
17106,249.3594512939453
17107,250.87791442871094
17108,231.00152587890625
17109,238.22808837890625
17110,331.1802978515625
17111,542.3759765625
17112,606.7814331054688
17113,415.2627868652344
17114,214.81387329101562
17115,141.30743408203125
17116,99.04322052001953
17117,66.808349609375
17118,39.733741760253906
17119,22.028297424316406
17120,10.26742172241211
17121,4.862987995147705
17122,3.6058096885681152
17123,11.896787643432617
17124,57.748355865478516
17125,209.54080200195312
17126,509.14739990234375
17127,326.39776611328125
17128,154.76002502441406
17129,190.74574279785156
17130,232.9248504638672
17131,244.17230224609375
17132,236.70269775390625
17133,256.15948486328125
17134,360.4161071777344
17135,487.3677062988281
17136,420.5225524902344
17137,281.929931640625
17138,202.0196990966797
17139,159.8896942138672
17140,120.13677978515625
17141,94.00760650634766
17142,68.4701156616211
17143,53.19981384277344
17144,30.054006576538086
17145,12.524755477905273
17146,4.953611373901367
17147,5.157695293426514
17148,17.443552017211914
17149,55.90302276611328
17150,116.01475524902344
17151,184.53538513183594
17152,282.0612487792969
17153,388.36346435546875
17154,441.4106140136719
17155,439.1268005371094
17156,436.7605895996094
17157,406.0567626953125
17158,353.9183349609375
17159,298.7506408691406
17160,245.71798706054688
17161,169.84213256835938
17162,133.95013427734375
17163,119.70392608642578
17164,100.79228973388672
17165,85.45555877685547
17166,72.8672103881836
17167,61.464996337890625
17168,47.65782165527344
17169,21.14649772644043
17170,7.365408897399902
17171,4.5203328132629395
17172,10.127202987670898
17173,34.27415084838867
17174,83.56903839111328
17175,164.57608032226562
17176,291.67333984375
17177,388.8230895996094
17178,444.99127197265625
17179,480.9499206542969
17180,513.05810546875
17181,511.42059326171875
17182,483.13348388671875
17183,408.2009582519531
17184,319.0809020996094
17185,219.04440307617188
17186,165.69171142578125
17187,123.51274108886719
17188,89.99010467529297
17189,59.603172302246094
17190,35.685943603515625
17191,14.051673889160156
17192,4.780998706817627
17193,2.5397300720214844
17194,4.488090991973877
17195,31.149173736572266
17196,150.3003692626953
17197,470.2051086425781
17198,402.4545593261719
17199,180.27255249023438
17200,163.75747680664062
17201,183.94314575195312
17202,198.23207092285156
17203,125.85276794433594
17204,106.61697387695312
17205,132.5303192138672
17206,218.16917419433594
17207,288.1942138671875
17208,213.3280792236328
17209,193.28529357910156
17210,104.90155029296875
17211,63.255699157714844
17212,44.48627853393555
17213,14.343660354614258
17214,7.260439872741699
17215,4.361266136169434
17216,3.034271240234375
17217,4.06035852432251
17218,18.759326934814453
17219,77.9937744140625
17220,187.75428771972656
17221,241.82615661621094
17222,169.37979125976562
17223,189.4574432373047
17224,228.86756896972656
17225,250.3957977294922
17226,242.07801818847656
17227,229.76724243164062
17228,260.63336181640625
17229,370.1148376464844
17230,372.3482360839844
17231,245.6654052734375
17232,165.10986328125
17233,114.06582641601562
17234,82.60370635986328
17235,58.96282196044922
17236,29.4689884185791
17237,10.772565841674805
17238,4.119640827178955
17239,2.5439701080322266
17240,3.9465389251708984
17241,26.807397842407227
17242,115.79762268066406
17243,337.789794921875
17244,373.2919006347656
17245,144.28465270996094
17246,62.6292839050293
17247,54.61766052246094
17248,51.96746826171875
17249,54.807525634765625
17250,59.737579345703125
17251,75.29788970947266
17252,126.5272445678711
17253,194.99600219726562
17254,204.1375732421875
17255,152.27003479003906
17256,111.4874038696289
17257,78.78217315673828
17258,72.4810562133789
17259,27.5262393951416
17260,10.92255973815918
17261,4.9474639892578125
17262,2.7516446113586426
17263,2.289043664932251
17264,5.1047492027282715
17265,30.14436912536621
17266,121.34661102294922
17267,323.2202453613281
17268,493.8542175292969
17269,233.30105590820312
17270,129.041748046875
17271,160.29196166992188
17272,183.39585876464844
17273,191.63450622558594
17274,195.916015625
17275,210.9969024658203
17276,308.4075012207031
17277,493.5143127441406
17278,489.2041015625
17279,333.21923828125
17280,228.79469299316406
17281,175.3682403564453
17282,126.15647888183594
17283,86.22138977050781
17284,48.42572021484375
17285,24.52793312072754
17286,10.426732063293457
17287,4.267096519470215
17288,4.436007499694824
17289,27.0238037109375
17290,112.74560546875
17291,335.52923583984375
17292,654.1519165039062
17293,329.4190368652344
17294,170.1821746826172
17295,208.69387817382812
17296,258.0770568847656
17297,260.30072021484375
17298,249.70350646972656
17299,261.41473388671875
17300,356.8656005859375
17301,556.1202392578125
17302,534.2642822265625
17303,362.3853759765625
17304,234.02737426757812
17305,174.59320068359375
17306,132.8618927001953
17307,102.95806884765625
17308,75.85000610351562
17309,62.04723358154297
17310,39.936431884765625
17311,18.171749114990234
17312,6.729522228240967
17313,5.0009355545043945
17314,14.359516143798828
17315,51.166664123535156
17316,112.02625274658203
17317,198.41722106933594
17318,311.0472106933594
17319,302.0710754394531
17320,288.13922119140625
17321,263.4496765136719
17322,242.35867309570312
17323,352.70965576171875
17324,372.4944152832031
17325,352.0757141113281
17326,285.9980163574219
17327,205.37074279785156
17328,152.38650512695312
17329,111.26631164550781
17330,88.27058410644531
17331,70.8230972290039
17332,63.43122863769531
17333,56.682403564453125
17334,31.88274383544922
17335,12.284987449645996
17336,4.848816871643066
17337,4.623752117156982
17338,12.270877838134766
17339,37.869686126708984
17340,81.34723663330078
17341,155.26022338867188
17342,244.62257385253906
17343,326.0923767089844
17344,398.3926086425781
17345,415.4122619628906
17346,392.0017395019531
17347,384.1692810058594
17348,356.87396240234375
17349,288.1896667480469
17350,227.4355010986328
17351,155.53892517089844
17352,137.95904541015625
17353,98.77495574951172
17354,76.15666961669922
17355,54.213111877441406
17356,32.239776611328125
17357,12.037981986999512
17358,3.942995071411133
17359,2.3451082706451416
17360,4.612959384918213
17361,31.687519073486328
17362,123.95728302001953
17363,345.2286071777344
17364,539.9616088867188
17365,255.85678100585938
17366,139.189697265625
17367,155.5849151611328
17368,177.04806518554688
17369,185.87771606445312
17370,177.1200714111328
17371,192.90065002441406
17372,300.772216796875
17373,494.8883361816406
17374,526.9718627929688
17375,341.5321960449219
17376,214.71438598632812
17377,145.94613647460938
17378,99.86412048339844
17379,59.364715576171875
